<?xml version="1.0" encoding="utf-8" ?>
<dwsync>
<file name="574-5745459_flecha-hacia-la-derecha-clipart.png" server="ftpupload.net" local="133001960581426120" remote="133019329800000000" />
<file name="Blue_Origin-Logo.wine.png" server="ftpupload.net" local="133001075597073278" remote="133019329800000000" />
<file name="f800x450-56428_107874_5050.jpg" server="ftpupload.net" local="133013413864483296" remote="133019329800000000" />
<file name="OIP flecha 2.jpg" server="ftpupload.net" local="133001370150567248" remote="133019329800000000" />
<file name="OIP izquierda.jpg" server="ftpupload.net" local="133001928128815328" remote="133019329800000000" />
<file name="OIP viaje espacio.jpg" server="ftpupload.net" local="133001924549918571" remote="133019329800000000" />
<file name="R (1).png" server="ftpupload.net" local="133002772640151453" remote="133019329800000000" />
<file name="R (1)2.png" server="ftpupload.net" local="133002772640151453" remote="133019329800000000" />
<file name="R.png" server="ftpupload.net" local="133001961046417318" remote="133019329800000000" />
<file name="SpaceX-Simbolo.jpg" server="ftpupload.net" local="133001072909850649" remote="133019329800000000" />
<file name="Turismo-Espacial-SAJ.jpg" server="ftpupload.net" local="133001925234987279" remote="133019329800000000" />
<file name="virgin-galactic.jpg" server="ftpupload.net" local="133001076134845044" remote="133019329800000000" />
</dwsync>